GROUP,PACKAGE,CLASS,INSTRUCTION_MISSED,INSTRUCTION_COVERED,BRANCH_MISSED,BRANCH_COVERED,LINE_MISSED,LINE_COVERED,COMPLEXITY_MISSED,COMPLEXITY_COVERED,METHOD_MISSED,METHOD_COVERED
Mock JDBC Driver,io.github.karstenspang.mockjdbc,MockDriver,8,351,1,27,2,70,1,30,0,17
Mock JDBC Driver,io.github.karstenspang.mockjdbc,WrapperFilter,0,22,0,0,0,5,0,2,0,2
Mock JDBC Driver,io.github.karstenspang.mockjdbc,Program,0,28,0,2,0,7,0,4,0,3
Mock JDBC Driver,io.github.karstenspang.mockjdbc,RunnableStep,0,20,0,0,0,7,0,4,0,4
Mock JDBC Driver,io.github.karstenspang.mockjdbc,SupplierStep,0,20,0,0,0,6,0,4,0,4
Mock JDBC Driver,io.github.karstenspang.mockjdbc,FilterStep,0,21,0,0,0,6,0,4,0,4
Mock JDBC Driver,io.github.karstenspang.mockjdbc,RecursiveWrapperStepSupplier.ClassWrapper,0,24,0,0,0,9,0,2,0,2
Mock JDBC Driver,io.github.karstenspang.mockjdbc,Wrap,0,96,0,2,0,17,0,8,0,7
Mock JDBC Driver,io.github.karstenspang.mockjdbc,WrapperStep,0,30,0,0,0,6,0,3,0,3
Mock JDBC Driver,io.github.karstenspang.mockjdbc,SQLFilter,0,30,0,0,0,5,0,6,0,6
Mock JDBC Driver,io.github.karstenspang.mockjdbc,ExceptionStep,0,60,0,6,0,13,0,8,0,5
Mock JDBC Driver,io.github.karstenspang.mockjdbc,RecursiveWrapperStepSupplier.RecursiveWrapperStep,0,35,0,6,0,7,0,5,0,2
Mock JDBC Driver,io.github.karstenspang.mockjdbc,RecursiveWrapperStepSupplier,0,198,0,0,0,7,0,6,0,6
Mock JDBC Driver,io.github.karstenspang.mockjdbc,ConstantStep,0,21,0,0,0,6,0,4,0,4
Mock JDBC Driver,io.github.karstenspang.mockjdbc,PassThruStep,0,18,0,0,0,7,0,6,0,6
